SZ;OIF-315;1976;4233319;Ujszeru;2;van_vonohorog;Manualis
G;DTX-714;1955;1665383;Serult
G;DWZ-151;2020;8931702;Serult
G;DML-257;2010;8377370;Hibas
G;ICX-377;1959;6014954;Serult
SZ;SLX-901;2019;6505985;Serult;2;nincs;Digitalis
G;DHF-441;1961;8826674;Megkimelt
G;OEJ-371;2003;306790;Megkimelt
G;MGY-261;1982;523595;Megkimelt
SZ;KQX-725;1980;5600933;Serult;4;nincs;DigitalisTobbzonas
G;DDC-470;1976;11574184;Ujszeru
SZ;IWB-725;1975;8627408;Ujszeru;4;nincs;Digitalis
G;IVN-352;1981;2285161;Hibas
G;FUL-964;2021;11447236;Ujszeru
G;PFY-460;2006;2743965;Serult
G;FJN-244;2020;9374849;Serult
SZ;XFA-934;1994;8291459;Serult;2;nincs;Manualis
G;ENX-143;1997;6177607;Ujszeru
SZ;KGV-343;1969;6692385;Ujszeru;4;nincs;Digitalis
SZ;RYW-230;1997;5315293;Ujszeru;2;nincs;DigitalisTobbzonas
G;YAD-371;1989;11508921;Serult
G;FUE-225;2017;1731404;Ujszeru
G;EJP-411;1978;6870656;Ujszeru
SZ;DHD-356;1955;10395634;Megkimelt;2;nincs;DigitalisTobbzonas
G;IGM-463;2006;1719091;Hibas
G;SRR-101;2004;9349902;Hibas
SZ;ENN-764;1980;6896963;Ujszeru;5;van_vonohorog;Manualis
G;UEB-264;1962;4246895;Megkimelt
SZ;PWT-560;2000;7708535;Megkimelt;2;nincs;Manualis
G;JZH-371;1953;2600035;Megkimelt
G;BVM-177;1968;9864124;Megkimelt
SZ;PGL-574;1986;4642382;Ujszeru;4;nincs;Nincs
SZ;LIQ-211;1958;5546070;Megkimelt;7;van_vonohorog;Manualis
SZ;VNY-612;1989;8570354;Hibas;2;nincs;Nincs
G;PLK-170;2000;11587459;Ujszeru
SZ;BYW-531;1950;7211578;Hibas;4;nincs;DigitalisTobbzonas
SZ;HAI-751;2004;3179890;Serult;2;van_vonohorog;DigitalisTobbzonas
G;XIW-745;1994;1841527;Hibas
SZ;ELT-573;1995;8988585;Ujszeru;5;nincs;Nincs
SZ;JIW-734;1975;6875728;Ujszeru;7;van_vonohorog;Manualis
SZ;FQK-513;2004;5615934;Ujszeru;2;nincs;Digitalis
SZ;XBS-611;2000;7170332;Megkimelt;5;van_vonohorog;DigitalisTobbzonas
G;GDA-771;1961;2948332;Hibas
SZ;WGS-621;1979;3013397;Serult;2;van_vonohorog;DigitalisTobbzonas
G;RFF-751;1956;6005720;Ujszeru
SZ;QVU-120;1970;6107701;Serult;7;nincs;Manualis
G;XFP-302;2016;10654220;Megkimelt
SZ;WUP-433;1955;10035320;Ujszeru;7;van_vonohorog;Manualis
SZ;WTW-124;1959;10993844;Ujszeru;5;nincs;Digitalis
G;IXW-225;1992;1278294;Ujszeru
SZ;QLV-130;1961;6127852;Ujszeru;4;van_vonohorog;Manualis
G;MTH-326;2015;6340675;Ujszeru
SZ;TTI-775;1970;10082199;Hibas;7;nincs;Nincs
G;DHJ-971;1958;4682762;Serult
SZ;HWQ-632;1965;3796588;Megkimelt;7;nincs;Digitalis
SZ;ZUZ-774;2011;5655984;Hibas;7;van_vonohorog;Nincs
SZ;JMN-372;1990;2813452;Serult;5;van_vonohorog;DigitalisTobbzonas
SZ;GGG-102;2006;9250964;Megkimelt;5;van_vonohorog;Manualis
G;CYF-711;1987;8336698;Serult
G;PQE-704;1988;6825527;Megkimelt
SZ;QMI-956;1979;4299877;Hibas;2;nincs;Nincs
SZ;LSX-674;2000;5587704;Ujszeru;7;nincs;Nincs
G;MHK-270;1983;6087789;Ujszeru
SZ;DJW-361;2003;5310233;Hibas;2;nincs;Manualis
G;OBK-943;2008;1206718;Hibas
SZ;JVX-662;1971;8522156;Megkimelt;5;van_vonohorog;Manualis
G;XIV-333;1984;11785607;Hibas
SZ;OPU-307;1954;4679300;Hibas;5;van_vonohorog;Manualis
G;QFM-244;2003;10604980;Serult
G;CVL-612;1993;5752987;Serult
SZ;IDO-501;2009;4173215;Ujszeru;7;van_vonohorog;Nincs
G;BCY-527;1984;2661445;Serult
SZ;PAA-317;1951;2440381;Ujszeru;2;van_vonohorog;Nincs
SZ;ZSE-353;2003;10920403;Ujszeru;5;nincs;DigitalisTobbzonas
SZ;AVU-514;1991;10665333;Hibas;2;van_vonohorog;DigitalisTobbzonas
SZ;SEJ-675;2008;3542331;Serult;2;nincs;Digitalis
SZ;XMK-257;1990;3466754;Megkimelt;2;van_vonohorog;Digitalis
SZ;ZFK-223;1982;353440;Hibas;5;nincs;Digitalis
SZ;CMH-767;2018;5509551;Serult;5;nincs;DigitalisTobbzonas
G;LOA-975;1962;574753;Megkimelt
G;HIY-716;2009;4119915;Megkimelt
SZ;QEG-643;2018;7008239;Megkimelt;5;van_vonohorog;Manualis
G;NLR-505;1992;4259096;Serult
G;LQG-116;1996;10715483;Megkimelt
SZ;ZOJ-752;1988;8934746;Serult;5;van_vonohorog;Manualis
G;VXE-116;1994;9795270;Megkimelt
G;KVK-126;2005;10245851;Serult
SZ;KZJ-136;1996;2471119;Hibas;5;nincs;Manualis
G;VLU-163;1955;8072952;Hibas
SZ;MNB-121;2017;10090553;Serult;4;van_vonohorog;Manualis
SZ;TQJ-313;2018;6674673;Ujszeru;2;nincs;DigitalisTobbzonas
G;EYM-447;1999;3737074;Serult
G;DXO-177;1985;2500710;Serult
G;WEQ-217;1967;606081;Megkimelt
SZ;YAI-901;2011;3569561;Serult;5;van_vonohorog;Manualis
SZ;BRG-730;1996;8427804;Ujszeru;7;nincs;Manualis
G;YCI-655;2015;9853264;Megkimelt
G;FPM-601;1981;11103251;Serult
SZ;GEQ-506;2020;8894757;Ujszeru;5;van_vonohorog;DigitalisTobbzonas
SZ;WSQ-107;1956;5498460;Serult;5;nincs;Nincs
G;SOH-447;2002;7401174;Megkimelt
SZ;CKG-951;2000;7898963;Megkimelt;5;van_vonohorog;DigitalisTobbzonas
G;QZO-941;2011;6957585;Hibas
SZ;HAJ-151;1998;2253626;Ujszeru;5;van_vonohorog;Nincs
G;FWA-307;1994;5420236;Serult
SZ;EHI-271;1975;7373930;Ujszeru;7;nincs;DigitalisTobbzonas
SZ;WWW-463;1997;4158144;Megkimelt;7;van_vonohorog;DigitalisTobbzonas
SZ;RMC-620;2012;10380377;Serult;5;nincs;DigitalisTobbzonas
SZ;MLM-721;1991;6611941;Megkimelt;2;van_vonohorog;Manualis
SZ;QEZ-663;1981;1478284;Ujszeru;4;van_vonohorog;Manualis
SZ;QEK-445;1991;1585448;Megkimelt;7;nincs;Digitalis
SZ;LZO-767;1971;6119479;Ujszeru;7;van_vonohorog;DigitalisTobbzonas
SZ;NDH-921;1977;8248961;Ujszeru;4;van_vonohorog;DigitalisTobbzonas
SZ;ZXK-516;2020;3644444;Serult;2;van_vonohorog;Manualis
SZ;BER-920;1990;9653487;Hibas;2;van_vonohorog;Manualis
SZ;RIC-553;2014;1103326;Serult;4;van_vonohorog;Digitalis
SZ;CNS-226;2000;8553095;Megkimelt;4;van_vonohorog;Nincs
G;VOB-451;1954;6056597;Serult
SZ;STD-324;1966;7111550;Megkimelt;4;van_vonohorog;Nincs
SZ;PHV-667;2008;11893623;Megkimelt;4;van_vonohorog;Digitalis
SZ;TUX-531;1957;2981092;Hibas;2;van_vonohorog;Digitalis
G;TEL-363;1999;8227710;Serult
SZ;VDU-575;1963;10378612;Hibas;5;van_vonohorog;Manualis
SZ;XKB-503;1976;6968391;Ujszeru;2;nincs;DigitalisTobbzonas
SZ;IQD-177;1996;5304199;Hibas;2;nincs;Digitalis
G;FXT-964;2006;1710472;Hibas
SZ;MMH-312;2007;4239241;Hibas;7;nincs;Manualis
G;AXC-954;2010;6868405;Serult
SZ;BBG-412;2014;11853561;Serult;4;nincs;Digitalis
G;IJD-216;1981;9770835;Hibas
G;JXE-950;1991;1465581;Ujszeru
G;WLP-565;2020;10934160;Hibas
SZ;ELV-641;1968;4652365;Serult;7;nincs;Nincs
SZ;XNJ-131;2017;521171;Ujszeru;4;nincs;Nincs
SZ;UVO-564;1950;4697980;Ujszeru;7;van_vonohorog;Manualis
G;SXZ-410;2016;9568798;Serult
SZ;ZGH-664;2011;3497679;Serult;5;van_vonohorog;DigitalisTobbzonas
G;WTN-604;2007;643633;Serult
SZ;NXR-761;1957;2185857;Hibas;5;nincs;Nincs
SZ;ZCR-715;1964;9830349;Serult;4;nincs;Nincs
G;IAC-364;1984;11157262;Serult
SZ;YXQ-143;1959;3926111;Ujszeru;7;nincs;Digitalis
SZ;NYJ-446;1979;4036838;Serult;5;van_vonohorog;DigitalisTobbzonas
SZ;PGB-550;1991;10752985;Megkimelt;2;nincs;Digitalis
SZ;PAR-310;1989;6579069;Hibas;5;nincs;Nincs
SZ;EUH-103;1958;10755813;Ujszeru;5;nincs;Digitalis
G;ZRM-554;2008;11173541;Megkimelt
G;TAS-531;1985;778214;Serult
G;LBO-327;1996;5702544;Serult
G;CLY-963;1990;3887740;Hibas
SZ;AQJ-235;1999;11322577;Serult;5;van_vonohorog;Digitalis
SZ;TGI-751;2010;10560820;Megkimelt;2;nincs;Nincs
G;JDL-141;1969;1744796;Hibas
SZ;IEV-615;2003;11800362;Serult;4;nincs;Digitalis
G;GGV-275;1954;9563226;Megkimelt
G;MQZ-251;1979;3417764;Serult
G;VQL-734;1962;7466210;Ujszeru
G;NAQ-113;2002;998028;Megkimelt
G;BBC-175;2021;5660438;Ujszeru
SZ;UQD-444;2010;630663;Serult;4;van_vonohorog;Manualis
SZ;MEG-910;1971;5132434;Megkimelt;7;nincs;Manualis
SZ;TKM-655;1992;4796410;Ujszeru;7;van_vonohorog;Digitalis
SZ;HHL-406;1981;4428808;Hibas;7;nincs;DigitalisTobbzonas
SZ;PLS-902;1956;7141619;Megkimelt;2;nincs;DigitalisTobbzonas
SZ;VVT-715;1974;7233582;Serult;5;van_vonohorog;DigitalisTobbzonas
SZ;PVH-355;2019;9317643;Megkimelt;7;van_vonohorog;Manualis
SZ;JFM-235;1982;4581834;Hibas;5;nincs;Nincs
SZ;KSU-705;2018;2792694;Hibas;2;van_vonohorog;Nincs
G;AMB-571;1982;4248990;Ujszeru
SZ;JUI-144;1980;3866019;Megkimelt;4;van_vonohorog;DigitalisTobbzonas
SZ;FFV-225;1998;4093990;Hibas;2;van_vonohorog;Nincs
G;SSH-953;1999;7629833;Serult
SZ;YJS-647;1991;8867921;Serult;4;nincs;Manualis
G;RME-623;1997;359705;Megkimelt
SZ;WWM-635;1985;3510020;Hibas;7;van_vonohorog;Nincs
SZ;NBR-434;1981;9241728;Ujszeru;2;nincs;Manualis
SZ;GLO-274;1979;9400140;Megkimelt;5;van_vonohorog;Nincs
G;EQT-540;1950;4824858;Ujszeru
SZ;ZWU-470;2021;11886792;Serult;4;van_vonohorog;Nincs
SZ;NYB-356;1989;3389420;Serult;2;nincs;Manualis
G;HGF-334;1979;11312625;Ujszeru
G;LEF-635;1952;11285787;Serult
G;UUY-662;1990;7263273;Serult
SZ;CMW-443;1982;2472901;Hibas;7;van_vonohorog;DigitalisTobbzonas
SZ;KTZ-211;1992;6730103;Megkimelt;5;nincs;Nincs
G;CBG-206;1979;6185290;Megkimelt
SZ;QWT-916;1959;8050569;Megkimelt;4;nincs;Nincs
G;HRS-470;1989;3647777;Serult
G;TJG-657;2010;5080873;Megkimelt
G;STE-913;2000;2084847;Ujszeru
G;LBY-477;1992;4645622;Megkimelt
G;LSO-772;1997;2686176;Megkimelt
SZ;FQR-673;1954;5620944;Megkimelt;5;nincs;Manualis
G;KGI-905;1999;4253520;Megkimelt
SZ;VLM-727;2011;8829381;Serult;5;nincs;Manualis
SZ;YED-571;1957;11402011;Ujszeru;4;nincs;Digitalis
G;LSG-563;1954;1519011;Megkimelt
SZ;MHY-436;2012;8524243;Hibas;2;van_vonohorog;Digitalis
SZ;HTY-227;2009;5015657;Hibas;2;nincs;Manualis
G;TMN-934;1985;1871642;Megkimelt
SZ;TKL-214;1966;5782567;Megkimelt;2;van_vonohorog;DigitalisTobbzonas
G;MZL-234;1963;5397638;Serult
G;MKV-706;1969;824134;Serult
G;IHG-665;2007;7154594;Serult
SZ;EXZ-675;2002;5754222;Ujszeru;5;nincs;Manualis
SZ;SLD-361;2000;993261;Ujszeru;7;van_vonohorog;Nincs
G;JWI-754;2002;10186884;Ujszeru
G;SZC-406;2021;1294778;Hibas
SZ;WEN-327;1981;11976326;Serult;7;van_vonohorog;Manualis
SZ;FWK-226;2000;8920393;Serult;4;van_vonohorog;Nincs
G;QYK-316;1950;3300380;Megkimelt
SZ;ENS-715;1958;1750043;Megkimelt;2;van_vonohorog;Manualis
G;PJL-200;1974;9177093;Megkimelt
G;UNK-336;2018;4403090;Megkimelt
G;FGZ-704;2021;7129471;Ujszeru
G;BDL-424;1979;7703492;Hibas
G;QXK-516;1984;4966428;Serult
G;SYU-166;1980;11055830;Ujszeru
SZ;WYF-336;1967;3164649;Ujszeru;7;nincs;Manualis
G;TRY-744;1968;1157390;Serult
SZ;NLT-244;1984;2556609;Megkimelt;4;nincs;Nincs
G;UAZ-441;1975;9576260;Hibas
G;IEM-176;1972;11070580;Megkimelt
G;CHH-245;1994;6901567;Serult
SZ;VRQ-933;1976;2417080;Serult;7;nincs;Nincs
G;HBE-644;1976;2339853;Serult
SZ;KSJ-776;2017;7410120;Hibas;2;van_vonohorog;Nincs
G;EEH-431;1967;7990987;Ujszeru
SZ;DMP-400;1951;3815576;Hibas;4;nincs;Manualis
G;CJA-351;1983;444080;Ujszeru
G;YQG-907;1953;3794158;Ujszeru
G;XRC-637;1988;9304535;Hibas
G;NXL-656;1954;9821078;Megkimelt
G;YKI-643;1982;1749010;Hibas
G;YQT-955;2008;9169198;Hibas
SZ;LLT-137;1972;10978654;Ujszeru;4;van_vonohorog;Nincs
SZ;YLE-910;2020;5920922;Megkimelt;7;nincs;Manualis
SZ;JXM-102;2014;8150966;Serult;2;nincs;Nincs
G;JRF-954;1986;2810868;Megkimelt
G;GCH-672;1971;10382942;Serult
SZ;FOF-911;1988;4125308;Ujszeru;2;van_vonohorog;Digitalis
SZ;MPV-931;2013;10440086;Serult;2;van_vonohorog;Manualis
G;AHM-331;2002;5373756;Serult
G;JHY-401;1955;5303313;Serult
SZ;EHO-136;2001;10445808;Hibas;7;nincs;DigitalisTobbzonas
SZ;NCN-364;1981;10685404;Megkimelt;4;nincs;Nincs
G;YLV-645;1950;5872950;Ujszeru
SZ;UVN-536;1990;10600383;Ujszeru;5;nincs;DigitalisTobbzonas
SZ;WCI-710;2010;3914063;Megkimelt;7;nincs;Nincs
G;QTZ-470;2007;437967;Serult
G;VQN-153;2014;6605795;Megkimelt
SZ;EXV-376;1980;3753781;Serult;7;nincs;DigitalisTobbzonas
SZ;DVP-666;1952;542503;Serult;4;nincs;Manualis
SZ;TQR-932;2005;1867486;Hibas;2;nincs;DigitalisTobbzonas
G;WJF-553;2020;5697817;Megkimelt
G;OYR-717;1985;5304365;Serult
SZ;EKA-244;2001;1610876;Megkimelt;5;van_vonohorog;Nincs
SZ;UYA-504;2013;5264573;Megkimelt;5;van_vonohorog;DigitalisTobbzonas
G;ZGF-236;2005;11155763;Megkimelt
G;ZOB-256;1953;10831103;Serult
G;NVQ-733;2008;7983265;Serult
SZ;MFP-421;1991;2413358;Ujszeru;7;nincs;DigitalisTobbzonas
SZ;ATT-231;1990;3851010;Hibas;4;van_vonohorog;Nincs
G;GLC-170;1979;7693671;Megkimelt
SZ;MSX-526;2003;8144259;Hibas;2;van_vonohorog;Digitalis
SZ;ZZO-573;1962;2276322;Hibas;2;nincs;Digitalis
SZ;ORV-232;1951;5934539;Ujszeru;7;van_vonohorog;Digitalis
G;SWK-512;2016;1054466;Serult
SZ;JHS-214;1959;2811833;Hibas;7;nincs;Digitalis
SZ;XXH-641;2020;5469460;Serult;7;van_vonohorog;Nincs
G;DZW-656;2001;3818355;Ujszeru
SZ;QWC-904;2014;7248765;Hibas;7;nincs;DigitalisTobbzonas
SZ;HJO-953;2020;7801009;Hibas;2;nincs;Nincs
SZ;TRU-562;1992;2571760;Serult;5;van_vonohorog;Nincs
SZ;BYP-705;1993;5077789;Megkimelt;2;nincs;DigitalisTobbzonas
G;BUN-276;2014;2349360;Megkimelt
SZ;OZE-225;1952;11497988;Serult;5;van_vonohorog;Manualis
G;IBW-434;2001;1577125;Hibas
SZ;YAO-326;2021;4007274;Serult;5;nincs;Nincs
SZ;QGO-730;2008;2789523;Megkimelt;4;nincs;Digitalis
G;CPS-655;1981;6039594;Megkimelt
SZ;NPL-242;1951;11481453;Ujszeru;2;nincs;Nincs
SZ;RLI-104;1981;11680191;Megkimelt;5;nincs;DigitalisTobbzonas
SZ;VWV-341;2000;9809991;Megkimelt;4;van_vonohorog;DigitalisTobbzonas
G;CID-730;2008;6360976;Megkimelt
SZ;OHP-976;1995;9396417;Serult;4;van_vonohorog;Digitalis
SZ;EVJ-120;2004;3902933;Serult;2;van_vonohorog;Digitalis
G;DFT-910;1987;1397127;Serult
SZ;ZTC-155;1950;7681026;Megkimelt;4;nincs;Manualis
SZ;XND-445;2003;5571613;Serult;4;van_vonohorog;Manualis
G;HYR-777;1989;1711054;Megkimelt
SZ;FMQ-644;1987;4257349;Hibas;2;van_vonohorog;Manualis
G;JJN-462;1997;10352141;Ujszeru
SZ;HQU-532;1980;10232334;Hibas;4;van_vonohorog;DigitalisTobbzonas
G;GMT-907;2014;2074559;Serult
G;YDZ-136;2009;9372301;Ujszeru
G;TAJ-300;2021;5217230;Megkimelt
SZ;WQK-233;1994;4606068;Serult;7;nincs;Digitalis
G;CDQ-227;1956;329978;Serult
SZ;FIR-367;2019;11715935;Megkimelt;7;van_vonohorog;Nincs
SZ;XEK-913;1961;2676669;Megkimelt;5;nincs;DigitalisTobbzonas
SZ;MVL-415;1983;1547078;Ujszeru;7;nincs;Nincs
SZ;DJB-661;1995;9125137;Ujszeru;2;van_vonohorog;Nincs
SZ;GAL-366;1984;401096;Hibas;2;nincs;Nincs
SZ;RLJ-623;2008;4597424;Hibas;5;nincs;Digitalis
SZ;ZZW-750;1979;2984011;Ujszeru;2;nincs;DigitalisTobbzonas
G;SKX-545;1998;612883;Ujszeru
SZ;RHC-214;1989;10853941;Megkimelt;5;van_vonohorog;Digitalis
G;NRP-253;2020;7832022;Ujszeru
SZ;ZMR-537;1997;10394647;Hibas;2;nincs;DigitalisTobbzonas
G;BVZ-651;2021;2092701;Ujszeru
SZ;ACS-230;1988;743749;Megkimelt;7;van_vonohorog;Digitalis
G;WMR-966;1965;4663875;Ujszeru
SZ;NSO-462;1985;3029540;Serult;2;nincs;DigitalisTobbzonas
SZ;MYZ-711;2021;1183581;Megkimelt;4;van_vonohorog;Nincs
SZ;FZU-364;1977;10384390;Serult;7;nincs;Digitalis
SZ;KXJ-241;1971;2814594;Ujszeru;2;van_vonohorog;Nincs
SZ;ZQB-515;1970;2166285;Hibas;4;van_vonohorog;Manualis
G;GPB-400;1963;6594442;Megkimelt
G;STY-463;1975;567037;Serult
G;VIP-974;1977;4316599;Serult
SZ;FKV-247;1972;8403065;Ujszeru;4;van_vonohorog;Manualis
SZ;CDP-423;1999;6143081;Megkimelt;4;nincs;Manualis
G;QND-456;1950;7696135;Serult
SZ;IFC-915;2010;3883853;Megkimelt;4;van_vonohorog;Digitalis
G;HRR-962;1969;4926947;Hibas
SZ;PBP-265;1951;5544775;Ujszeru;2;van_vonohorog;Nincs
SZ;AFG-737;2002;11885182;Serult;4;nincs;DigitalisTobbzonas
G;HNT-332;1987;8058208;Megkimelt
SZ;XSW-627;1981;4685716;Hibas;5;nincs;Digitalis
G;IDV-406;1999;5733417;Hibas
G;DWE-366;1975;6666837;Megkimelt
SZ;FXA-323;1951;3294098;Ujszeru;5;nincs;Nincs
SZ;GVX-573;2008;9183321;Serult;7;nincs;Digitalis
SZ;UKH-537;2018;8932077;Hibas;5;nincs;Digitalis
G;KCS-427;1978;2439363;Serult
G;QUA-131;2021;11274880;Megkimelt
SZ;XRO-631;1975;1726104;Ujszeru;5;nincs;Digitalis
G;CCM-314;1961;2815479;Megkimelt
SZ;IHO-174;1987;10443684;Serult;7;van_vonohorog;Manualis
SZ;DXB-142;1952;10111865;Ujszeru;4;nincs;Digitalis
G;DBC-304;1979;5240196;Ujszeru
G;TUS-556;2006;10069167;Ujszeru
SZ;IFF-344;2018;4318946;Hibas;2;nincs;Nincs
G;JQJ-116;1968;11005435;Ujszeru
G;YLX-253;1950;3368443;Megkimelt
G;WMM-346;1989;7025703;Ujszeru
SZ;CXE-764;2021;9688471;Serult;2;van_vonohorog;Digitalis
G;EXG-722;2017;10466717;Hibas
SZ;WPK-123;1979;2899350;Serult;7;van_vonohorog;Digitalis
SZ;JMA-131;2000;5326665;Ujszeru;4;van_vonohorog;DigitalisTobbzonas
SZ;WWZ-305;2010;764948;Ujszeru;4;nincs;Digitalis
SZ;PTC-355;1984;10493421;Hibas;7;van_vonohorog;Nincs
SZ;KIO-977;1962;8786560;Megkimelt;4;nincs;Manualis
SZ;VYB-542;1988;8429286;Hibas;5;van_vonohorog;DigitalisTobbzonas
SZ;RAK-222;1953;7110880;Ujszeru;5;van_vonohorog;Nincs
SZ;ZPM-966;2012;430535;Hibas;5;van_vonohorog;Manualis
G;JKC-755;1965;2108427;Hibas
SZ;WUE-721;2012;2717115;Ujszeru;5;van_vonohorog;Nincs
G;LBY-775;1976;8601489;Serult
SZ;QJP-616;2019;9895372;Megkimelt;4;van_vonohorog;DigitalisTobbzonas
SZ;KWF-774;2007;8421106;Megkimelt;5;nincs;Nincs
SZ;MMI-430;1974;4972589;Ujszeru;2;van_vonohorog;Manualis
SZ;PZY-554;2004;2733645;Ujszeru;5;nincs;DigitalisTobbzonas
G;ZBT-706;1993;3780229;Hibas
SZ;FMQ-542;1992;10758275;Serult;4;nincs;Nincs
SZ;NKV-925;2014;3284575;Hibas;5;van_vonohorog;DigitalisTobbzonas
G;UOW-262;1988;3073218;Ujszeru
SZ;JWT-936;2014;5093609;Ujszeru;2;nincs;Nincs
G;ZNU-575;1996;4876107;Ujszeru
SZ;TWU-725;2012;7097802;Megkimelt;5;nincs;Nincs
SZ;ZXA-471;2001;9057232;Ujszeru;7;nincs;DigitalisTobbzonas
G;GYH-541;1991;4337415;Hibas
SZ;ZMF-724;2021;6743544;Ujszeru;2;nincs;Nincs
SZ;GIK-227;1954;1120361;Ujszeru;7;nincs;Nincs
G;MCE-754;1966;11161747;Ujszeru
G;DAP-203;1965;9824580;Ujszeru
SZ;NWZ-971;1977;11055385;Hibas;2;nincs;Manualis
SZ;UFT-413;1993;9530894;Hibas;4;van_vonohorog;Nincs
SZ;QLN-661;1959;6416059;Ujszeru;7;van_vonohorog;Nincs
SZ;SRO-273;1959;8603889;Ujszeru;5;van_vonohorog;DigitalisTobbzonas
G;SSY-152;2003;2336414;Ujszeru
SZ;MTA-711;1957;6933979;Serult;4;nincs;DigitalisTobbzonas
G;DYA-400;2016;11956688;Hibas
SZ;YYK-702;1971;5229846;Serult;4;nincs;Manualis
SZ;GHN-571;1981;8419543;Serult;4;van_vonohorog;Manualis
G;IVK-125;2021;6276203;Serult
G;FAQ-316;1995;8428695;Ujszeru
G;YVV-147;2010;6738474;Hibas
G;ILD-703;2003;7522007;Ujszeru
SZ;PDB-531;2019;10417677;Ujszeru;7;nincs;DigitalisTobbzonas
SZ;RGA-143;1972;10012465;Megkimelt;5;van_vonohorog;DigitalisTobbzonas
SZ;NII-710;1999;3373674;Hibas;4;van_vonohorog;Manualis
SZ;SMM-317;1985;9556345;Megkimelt;2;van_vonohorog;Manualis
G;RKN-971;2000;7398758;Ujszeru
SZ;HAK-105;1975;3752387;Megkimelt;5;van_vonohorog;Nincs
G;VES-620;1993;1353275;Serult
G;NBQ-372;2001;7951660;Ujszeru
G;IAN-463;1959;11724116;Hibas
G;XIW-306;1984;6104555;Megkimelt
SZ;HHV-151;1955;4333334;Megkimelt;7;van_vonohorog;DigitalisTobbzonas
SZ;CWS-277;2015;10669534;Serult;2;van_vonohorog;Digitalis
SZ;CKZ-171;1969;6216559;Serult;5;van_vonohorog;DigitalisTobbzonas
SZ;JOX-572;2006;6498887;Megkimelt;4;van_vonohorog;Digitalis
G;GDL-932;1977;1158202;Megkimelt
G;RAW-552;1962;4705212;Hibas
G;IIH-102;1967;10134930;Ujszeru
SZ;PHP-456;2007;8081950;Megkimelt;2;van_vonohorog;Digitalis
G;BKE-960;1968;1389368;Hibas
SZ;FZI-946;1960;832555;Serult;7;van_vonohorog;Nincs
SZ;WKB-934;1956;8577697;Serult;5;nincs;Digitalis
G;WPS-763;1984;10654888;Hibas
G;PBZ-711;1952;8330048;Megkimelt
SZ;RQU-906;1992;9840099;Hibas;7;van_vonohorog;Nincs
G;TCX-560;1976;6821576;Serult
G;DGW-357;1987;6878598;Hibas
SZ;COQ-145;1954;10510705;Serult;7;van_vonohorog;Digitalis
G;LQQ-342;1993;1131403;Megkimelt
G;CYO-147;2012;5778204;Megkimelt
SZ;JAV-750;1954;441485;Megkimelt;7;van_vonohorog;Manualis
SZ;AOZ-647;1970;4582223;Serult;4;van_vonohorog;Nincs
G;ZHF-963;1990;1390415;Serult
G;TZK-514;1991;5211445;Serult
SZ;NNL-312;1988;1247621;Ujszeru;2;van_vonohorog;DigitalisTobbzonas
SZ;ICS-440;1974;8589325;Serult;7;nincs;Nincs
G;BAW-770;1962;7677368;Megkimelt
G;VZX-573;2014;5168415;Megkimelt
G;HPL-700;1972;4449990;Hibas
G;QKU-621;1951;5299338;Ujszeru
SZ;CMB-542;2003;6845039;Megkimelt;2;van_vonohorog;Manualis
SZ;CBG-625;2013;9089175;Hibas;7;nincs;Manualis
G;NWZ-733;1970;6905144;Megkimelt
SZ;DRT-726;2015;7570557;Megkimelt;5;nincs;Manualis
SZ;XAL-710;2021;2650325;Serult;4;nincs;Manualis
SZ;PKY-310;1982;3975646;Ujszeru;5;nincs;DigitalisTobbzonas
SZ;MBT-751;1988;3246958;Megkimelt;4;van_vonohorog;Digitalis
G;DAA-766;1990;7943601;Megkimelt
G;VWO-973;2002;10176285;Serult
SZ;LEE-174;1967;9198855;Megkimelt;7;nincs;DigitalisTobbzonas
SZ;THW-925;1972;2972556;Hibas;5;van_vonohorog;Manualis
SZ;ATG-754;1961;8763050;Megkimelt;4;nincs;Manualis
SZ;UGX-237;2012;4957378;Ujszeru;4;van_vonohorog;Digitalis
G;EIY-743;2003;3444389;Ujszeru
G;ZKU-767;2010;2675576;Hibas
SZ;FDY-450;2003;5298025;Megkimelt;4;van_vonohorog;Digitalis
G;UAV-947;2012;7560363;Serult
G;DHG-200;1983;3813339;Ujszeru
G;QNH-521;1978;8323710;Megkimelt
SZ;VIG-403;2018;11511560;Megkimelt;4;van_vonohorog;DigitalisTobbzonas
SZ;AUC-175;1978;10113831;Hibas;5;nincs;Nincs
G;XOK-431;1972;6823438;Ujszeru
G;WWZ-604;2021;10350088;Megkimelt
G;NZI-504;1952;11021312;Ujszeru
SZ;KWI-644;1971;10768520;Hibas;5;van_vonohorog;Manualis
G;QYQ-672;1974;11748473;Serult
G;EPH-113;2020;2069129;Megkimelt
G;OFM-740;1982;2637056;Ujszeru
G;GSG-125;2020;9983010;Ujszeru
SZ;XNN-712;1950;6946809;Ujszeru;4;van_vonohorog;Digitalis
G;MVF-721;2015;10365416;Ujszeru
SZ;LKK-746;1978;5229392;Ujszeru;2;van_vonohorog;Digitalis
G;HTH-207;1953;7358783;Ujszeru
G;ZGT-675;1998;1948426;Serult
SZ;WZT-543;2005;9174779;Ujszeru;5;nincs;Manualis
G;DBH-676;2019;1394661;Megkimelt
SZ;KDU-403;2000;5921090;Hibas;2;van_vonohorog;Manualis
G;MEJ-502;1987;5788668;Serult
SZ;ZKC-305;1970;9278254;Serult;7;van_vonohorog;Manualis
G;IQY-321;1986;4785693;Megkimelt
G;GHH-316;2008;9042729;Ujszeru
G;YWY-205;2006;8153506;Megkimelt
G;GLF-124;1977;11382758;Ujszeru
G;WPC-526;1983;4712188;Ujszeru
SZ;YQH-321;1969;6334338;Megkimelt;5;nincs;DigitalisTobbzonas
G;MHV-147;1994;5869521;Hibas
SZ;CEP-217;1971;2602389;Megkimelt;5;nincs;Digitalis
SZ;ERX-226;1998;5566157;Hibas;2;nincs;DigitalisTobbzonas
SZ;AJM-433;2014;5440606;Hibas;4;van_vonohorog;DigitalisTobbzonas
G;GMF-115;1972;1051510;Serult
SZ;LXI-511;1951;10584119;Ujszeru;4;nincs;Digitalis
SZ;ZMT-960;1975;10607528;Hibas;2;nincs;Manualis
SZ;NXM-547;1997;8502871;Megkimelt;5;nincs;DigitalisTobbzonas
SZ;ILA-746;1952;4121633;Megkimelt;2;nincs;DigitalisTobbzonas
SZ;MAW-740;1972;6228606;Ujszeru;4;van_vonohorog;Digitalis
SZ;AVN-920;1958;1078614;Hibas;5;nincs;Nincs
SZ;DUP-657;2007;11786153;Hibas;4;van_vonohorog;Manualis
G;RFT-134;1971;8661258;Megkimelt
G;POL-953;1963;9206668;Serult
SZ;QGW-244;2016;8791425;Hibas;4;van_vonohorog;Manualis
SZ;OBH-951;2020;9326057;Hibas;2;nincs;DigitalisTobbzonas
G;MMT-454;1953;8532237;Ujszeru
SZ;SWG-944;2009;10908566;Serult;2;van_vonohorog;Manualis
G;QHD-547;1958;5909353;Hibas
G;TGN-536;1955;3420955;Hibas
G;ORC-213;1964;947310;Ujszeru
SZ;NGH-907;1965;10856429;Megkimelt;5;van_vonohorog;Nincs
SZ;BPA-673;1958;5917701;Hibas;7;nincs;DigitalisTobbzonas
SZ;XPA-260;1972;4911955;Ujszeru;5;van_vonohorog;Nincs
G;DGT-703;1966;7679354;Hibas
SZ;CYZ-500;1959;6972015;Serult;2;nincs;Nincs
SZ;FUN-761;1997;8962050;Megkimelt;5;van_vonohorog;DigitalisTobbzonas
SZ;IMB-641;2010;7455727;Serult;4;van_vonohorog;Manualis
G;OEW-471;1977;8885544;Serult
SZ;RHS-520;1977;2373938;Serult;5;nincs;DigitalisTobbzonas
G;KVH-921;2016;9575858;Megkimelt
G;FXG-675;1975;6991758;Hibas
SZ;AXW-154;1992;2604730;Megkimelt;7;van_vonohorog;DigitalisTobbzonas
SZ;NAH-310;1986;9177659;Hibas;5;nincs;DigitalisTobbzonas
SZ;LOA-520;1999;1979769;Serult;7;van_vonohorog;Digitalis
G;YJL-534;2002;3052103;Serult
G;AIR-426;1995;578743;Hibas
G;WCU-754;2002;1347479;Megkimelt
G;DXC-926;1952;3314904;Megkimelt
SZ;ZDE-171;1961;7459289;Megkimelt;4;nincs;DigitalisTobbzonas
SZ;AZB-476;2010;10003064;Serult;7;nincs;DigitalisTobbzonas
SZ;DTE-463;2003;1558493;Hibas;5;van_vonohorog;Nincs
SZ;DSE-610;1994;9497250;Megkimelt;5;nincs;Manualis
G;DSV-555;1968;4474376;Serult
SZ;FNS-617;1983;7803145;Ujszeru;2;nincs;Manualis
G;LNK-316;1955;5401488;Serult
SZ;LBI-227;1953;11323209;Megkimelt;7;nincs;Digitalis
SZ;KPD-970;1968;3953317;Ujszeru;2;nincs;Nincs
SZ;MOE-554;2011;11891922;Serult;7;van_vonohorog;Digitalis
G;LRU-547;1958;2219065;Hibas
SZ;LNR-335;1998;8530408;Ujszeru;2;van_vonohorog;DigitalisTobbzonas
SZ;VNE-956;2017;6497926;Serult;2;van_vonohorog;Manualis
G;ESK-203;2021;4047628;Megkimelt
SZ;GZD-300;1994;6817571;Megkimelt;7;nincs;Manualis
SZ;SNP-403;1954;8471471;Megkimelt;7;nincs;Digitalis
G;QWW-273;1983;4688100;Serult
SZ;ISV-405;1979;7193379;Serult;5;van_vonohorog;Nincs
G;KEN-727;1967;3336175;Ujszeru
SZ;CEG-416;1950;10889333;Megkimelt;7;nincs;Nincs
SZ;ZWW-172;1993;10345134;Megkimelt;7;van_vonohorog;Manualis
G;QGR-423;1958;7698069;Ujszeru
G;STU-656;1985;4293326;Ujszeru
SZ;RYX-362;2014;6863898;Hibas;4;nincs;Digitalis
G;WCS-764;2003;11687581;Megkimelt
G;YHC-647;1954;11822144;Megkimelt
SZ;CQI-765;2019;7056887;Serult;5;van_vonohorog;Nincs
SZ;ETN-205;2004;3483032;Serult;7;van_vonohorog;Nincs
SZ;WLI-663;2010;10906008;Megkimelt;2;van_vonohorog;Digitalis
SZ;TJT-454;2001;10332191;Serult;4;van_vonohorog;Digitalis
G;ILG-215;2001;2345269;Serult
G;IBC-316;2008;2172151;Megkimelt
SZ;RGR-111;1951;4217043;Hibas;4;nincs;Digitalis
SZ;VER-306;2008;11724248;Serult;5;nincs;DigitalisTobbzonas
G;XIF-172;1971;2178431;Hibas
SZ;GSQ-153;1974;3444724;Ujszeru;5;van_vonohorog;DigitalisTobbzonas
G;WDY-344;1981;11552546;Hibas
G;KPY-763;2016;3743519;Hibas
SZ;PHB-160;1993;4697871;Megkimelt;4;nincs;Digitalis
SZ;EDG-275;1992;5446531;Hibas;7;nincs;Manualis
SZ;NGG-903;1966;345156;Hibas;4;van_vonohorog;Digitalis
SZ;SMW-630;1962;6531343;Serult;4;nincs;Nincs
SZ;GTF-565;1998;984312;Ujszeru;2;van_vonohorog;Manualis
G;XIC-300;1982;4544797;Megkimelt
SZ;PRI-211;1972;3200119;Megkimelt;5;nincs;DigitalisTobbzonas
G;DUJ-704;1972;11224873;Ujszeru
G;UIB-622;1965;9273888;Serult
G;GRS-543;2014;10031864;Hibas
SZ;YWN-220;1976;2581752;Megkimelt;7;van_vonohorog;Digitalis
G;BWC-337;2017;1409836;Hibas
SZ;GFO-711;1990;7798188;Megkimelt;2;van_vonohorog;Manualis
G;PKP-370;1976;9411165;Megkimelt
SZ;MFD-713;2011;10105309;Megkimelt;7;van_vonohorog;Manualis
SZ;QUU-961;1985;6695180;Megkimelt;4;van_vonohorog;Manualis
SZ;ELQ-146;1968;8093970;Megkimelt;4;van_vonohorog;Manualis
G;ZJO-345;2021;11358112;Megkimelt
G;KWF-562;1987;1179863;Serult
G;HOT-722;2006;1697608;Ujszeru
SZ;MGF-476;1966;2841565;Hibas;2;nincs;Digitalis
SZ;KOQ-913;1976;9693267;Ujszeru;2;nincs;Digitalis
SZ;DDB-266;2014;7387998;Ujszeru;2;van_vonohorog;Nincs
SZ;NWI-236;2017;6942086;Serult;5;nincs;Manualis
SZ;KKB-742;2005;1816019;Megkimelt;5;nincs;Digitalis
G;JXT-513;2018;6817696;Megkimelt
G;DMK-362;2018;11834484;Serult
SZ;UTZ-624;1966;3454499;Megkimelt;5;nincs;DigitalisTobbzonas
SZ;QTT-472;2011;5135404;Ujszeru;2;nincs;Manualis
SZ;CNM-736;2004;9017250;Ujszeru;4;van_vonohorog;Manualis
G;HUK-177;1987;5091874;Serult
G;HBW-653;1962;363206;Hibas
G;FXI-350;1990;2967439;Hibas
SZ;YHB-654;2002;11819074;Ujszeru;4;van_vonohorog;Manualis
G;YPN-400;1970;11480663;Megkimelt
SZ;ZYC-933;2014;5298159;Megkimelt;5;van_vonohorog;Manualis
G;MAM-151;2007;5354866;Megkimelt
G;HFB-653;1963;6867243;Hibas
G;VLV-952;1988;4026459;Hibas
SZ;XAO-377;1956;11212549;Serult;7;van_vonohorog;Manualis
SZ;HZD-461;2017;1502024;Ujszeru;7;nincs;Nincs
G;GED-453;1983;9439966;Megkimelt
G;TGL-632;1950;2289295;Serult
SZ;BIK-266;1956;615265;Serult;7;van_vonohorog;Nincs
G;YSM-410;1961;10217994;Ujszeru
G;QIB-144;2011;11939135;Serult
G;JOU-424;2012;4821710;Megkimelt
G;HJB-371;1980;9683961;Hibas
G;GKB-156;2018;8809304;Serult
G;KXN-743;1963;6841254;Ujszeru
SZ;UXA-643;1977;6646948;Ujszeru;4;nincs;Nincs
G;HVN-415;1983;7057755;Ujszeru
SZ;NJX-606;1990;654620;Hibas;5;nincs;DigitalisTobbzonas
SZ;IRS-333;1996;2363177;Megkimelt;5;van_vonohorog;Manualis
G;JMM-750;1958;10929107;Megkimelt
G;CKO-642;1968;4675231;Hibas
SZ;WKI-637;1962;6061654;Serult;5;nincs;Nincs
G;WZG-100;1961;8228334;Hibas
SZ;QJJ-251;2011;1755529;Ujszeru;5;van_vonohorog;DigitalisTobbzonas
SZ;LUP-674;1965;10718958;Ujszeru;5;nincs;Manualis
SZ;NIZ-361;1965;10091231;Ujszeru;2;van_vonohorog;DigitalisTobbzonas
G;PCS-736;1958;3082639;Hibas
SZ;KPI-157;2016;11754354;Megkimelt;7;nincs;Nincs
SZ;BVM-350;1984;1846344;Serult;7;nincs;Manualis
G;SOZ-412;1958;5909007;Serult
G;DEG-921;1986;11654033;Megkimelt
G;UFB-443;1958;4582858;Serult
G;FBX-234;2004;10590765;Serult
SZ;WEA-732;1961;2843981;Ujszeru;2;nincs;DigitalisTobbzonas
G;WRB-467;2003;2349801;Serult
SZ;PDH-323;2002;4741058;Serult;2;nincs;Nincs
G;RWM-217;1965;8079432;Ujszeru
SZ;CYE-517;2018;11851718;Serult;4;nincs;Nincs
G;BQC-734;1978;7397862;Serult
SZ;QXP-754;1970;6558457;Ujszeru;2;van_vonohorog;DigitalisTobbzonas
SZ;ZVG-451;2007;10090025;Hibas;2;van_vonohorog;Nincs
G;AEX-150;1970;9920217;Ujszeru
SZ;CZZ-436;1960;9630425;Serult;2;nincs;Digitalis
SZ;VZL-360;1961;8673285;Serult;5;van_vonohorog;Nincs
G;YEF-635;1959;1357814;Serult
G;DYA-152;1956;11354207;Serult
SZ;TBC-154;2003;11192463;Ujszeru;2;van_vonohorog;Digitalis
G;ZQQ-375;2003;5831355;Hibas
G;WUH-403;1980;7219389;Hibas
SZ;IQC-337;2019;11741490;Ujszeru;2;van_vonohorog;Digitalis
SZ;PTW-671;1969;11987684;Megkimelt;4;van_vonohorog;DigitalisTobbzonas
SZ;RRL-444;2003;11364102;Ujszeru;2;nincs;Digitalis
SZ;BLY-364;1975;6005995;Ujszeru;2;van_vonohorog;DigitalisTobbzonas
G;ADY-950;1987;8100677;Hibas
SZ;ULA-176;1967;11366363;Hibas;7;nincs;Manualis
SZ;UWD-232;2014;10798755;Hibas;5;nincs;Nincs
G;TTD-111;1954;10398628;Serult
SZ;AHA-672;1958;10025597;Megkimelt;2;van_vonohorog;Digitalis
SZ;ZME-377;1985;11962492;Ujszeru;7;van_vonohorog;Digitalis
G;SYL-915;2001;6315379;Ujszeru
SZ;QJB-557;2015;1166581;Megkimelt;5;nincs;Manualis
G;RCR-904;1960;9399235;Serult
G;BCP-226;1963;9909736;Megkimelt
G;SWL-126;1957;4220480;Hibas
G;MCT-641;1957;9549330;Serult
SZ;NYI-506;1969;9245390;Serult;2;nincs;DigitalisTobbzonas
SZ;TKW-104;1960;5517403;Hibas;2;nincs;Nincs
G;KLG-163;1958;5141773;Ujszeru
SZ;XTM-542;2001;6725306;Ujszeru;2;van_vonohorog;DigitalisTobbzonas
SZ;FEQ-244;1960;8750810;Hibas;5;van_vonohorog;Nincs
SZ;ZFS-753;1952;11666512;Megkimelt;7;nincs;Nincs
SZ;EED-271;2000;9172225;Ujszeru;7;van_vonohorog;Nincs
SZ;BQM-950;1981;877077;Ujszeru;2;nincs;Manualis
G;SNM-217;1960;11985245;Megkimelt
G;UJH-736;1961;6568851;Serult
SZ;RHQ-932;1954;7388455;Serult;7;van_vonohorog;Manualis
SZ;SLY-766;2011;975694;Serult;4;van_vonohorog;Digitalis
G;WUW-375;1979;10142297;Megkimelt
SZ;BQC-964;1985;5478775;Ujszeru;7;van_vonohorog;Nincs
G;JQO-663;1989;1451129;Ujszeru
G;TZX-517;1968;11627375;Ujszeru
G;VVY-170;1987;1202097;Ujszeru
SZ;VAV-231;1997;11107681;Serult;4;van_vonohorog;DigitalisTobbzonas
SZ;YJK-172;1982;10555909;Hibas;7;nincs;Nincs
SZ;UIC-773;1953;3106568;Megkimelt;7;nincs;Digitalis
G;QOO-452;1958;736402;Ujszeru
G;ZNG-747;2017;7583008;Hibas
G;JMP-152;1973;8462916;Serult
G;VOS-711;1989;6097153;Ujszeru
SZ;WYU-957;1981;7899663;Megkimelt;4;nincs;Nincs
SZ;HFQ-915;1971;11441606;Megkimelt;4;van_vonohorog;Digitalis
SZ;FLG-433;1984;11471104;Hibas;7;van_vonohorog;Digitalis
G;CBK-226;2003;9166460;Hibas
G;ZZI-766;1996;3641444;Serult
G;XPL-106;1951;7901445;Serult
SZ;JIS-773;1969;2546863;Ujszeru;7;van_vonohorog;Nincs
SZ;SPU-155;1956;3792575;Serult;2;nincs;Digitalis
G;ZHZ-460;1959;2619274;Serult
SZ;YDB-443;1960;8956421;Serult;5;van_vonohorog;Manualis
SZ;YYP-142;1952;1586011;Megkimelt;2;nincs;Nincs
SZ;MLN-673;2009;5429691;Serult;5;van_vonohorog;Nincs
G;VDS-505;2017;10709634;Megkimelt
SZ;DEH-746;1983;4589309;Megkimelt;4;van_vonohorog;Manualis
G;XVK-332;1967;2049019;Serult
SZ;WFG-650;2005;3117569;Hibas;4;nincs;Manualis
SZ;PJZ-601;1976;10955439;Serult;4;nincs;Digitalis
SZ;OSD-514;2015;3426233;Serult;4;nincs;Nincs
SZ;UJQ-273;1972;3334843;Megkimelt;5;nincs;Digitalis
G;BZB-414;1950;362452;Hibas
G;YTU-542;2008;3565768;Ujszeru
G;IQL-933;1998;4419146;Megkimelt
SZ;XIM-145;1975;1437004;Ujszeru;5;nincs;Digitalis
G;OIM-666;2015;6136588;Megkimelt
G;TBB-400;2004;10285263;Serult
SZ;CGD-217;2011;11815210;Serult;2;van_vonohorog;Manualis
SZ;GAH-456;1992;6542207;Serult;4;nincs;DigitalisTobbzonas
G;LZO-135;1985;2497962;Serult
SZ;CXD-977;2006;3667718;Megkimelt;7;nincs;Manualis
G;SGE-100;1972;1727617;Ujszeru
G;EZK-655;1950;10103560;Megkimelt
SZ;JYL-275;1993;8738801;Ujszeru;7;van_vonohorog;DigitalisTobbzonas
G;EVF-353;1961;4007564;Serult
SZ;PPL-221;1996;4513600;Hibas;7;nincs;Manualis
SZ;VNR-334;2021;4309242;Megkimelt;4;van_vonohorog;Digitalis
SZ;RIP-415;2021;1933424;Megkimelt;7;nincs;Manualis
G;HDF-960;1996;2354898;Serult
G;FWY-652;2016;706955;Hibas
SZ;DMP-946;2004;5680964;Serult;5;nincs;DigitalisTobbzonas
SZ;EMF-734;2007;10928691;Serult;4;van_vonohorog;DigitalisTobbzonas
G;SBO-736;1968;9260181;Hibas
SZ;RFP-921;1994;1621329;Megkimelt;5;nincs;Digitalis
SZ;TSS-406;2013;6303531;Megkimelt;2;nincs;Manualis
SZ;RKR-451;1968;5068352;Megkimelt;4;nincs;Digitalis
SZ;LMP-521;2007;2249147;Ujszeru;4;van_vonohorog;Manualis
G;MNE-630;1994;4895791;Ujszeru
SZ;MBC-932;2006;2022586;Megkimelt;7;van_vonohorog;Nincs
SZ;RVX-145;2017;3352772;Ujszeru;2;van_vonohorog;Nincs
G;OLV-901;1996;1064351;Megkimelt
SZ;DTA-732;1991;5662767;Serult;7;nincs;DigitalisTobbzonas
SZ;JQW-605;2006;10021177;Megkimelt;7;nincs;DigitalisTobbzonas
G;IPC-436;2003;2315824;Megkimelt
SZ;RVG-944;2018;2943874;Megkimelt;4;van_vonohorog;Nincs
SZ;NSF-446;1964;4484771;Megkimelt;7;nincs;Nincs
G;JZF-215;1975;1551174;Hibas
SZ;GKT-224;2008;7326817;Ujszeru;2;nincs;DigitalisTobbzonas
SZ;VSR-304;2009;11992749;Megkimelt;7;nincs;DigitalisTobbzonas
SZ;LWZ-376;1951;7401405;Hibas;5;nincs;Digitalis
SZ;YFU-176;2001;3538440;Serult;7;nincs;Manualis
G;GEV-356;1965;7337887;Hibas
SZ;ANR-562;2016;8665822;Serult;5;nincs;DigitalisTobbzonas
G;YTM-523;1952;3388180;Ujszeru
SZ;JON-757;1996;5384607;Megkimelt;7;van_vonohorog;DigitalisTobbzonas
G;COC-950;1974;8064416;Ujszeru
SZ;XET-617;1959;10542784;Serult;2;nincs;Digitalis
G;NGI-601;2021;11385804;Serult
SZ;QRU-442;1964;9899430;Megkimelt;5;van_vonohorog;Nincs
SZ;DIS-507;1966;7435839;Ujszeru;4;nincs;DigitalisTobbzonas
G;DPU-406;1964;2680221;Ujszeru
SZ;NDJ-523;2004;10617145;Serult;7;van_vonohorog;DigitalisTobbzonas
G;JLV-922;2015;9752145;Ujszeru
SZ;RCC-564;2002;11553557;Megkimelt;4;van_vonohorog;Manualis
G;DAB-223;1983;1777906;Megkimelt
SZ;BJL-266;2015;2760842;Hibas;7;van_vonohorog;Manualis
SZ;DVN-376;1984;5376697;Hibas;2;van_vonohorog;Manualis
SZ;SEG-353;1998;2206651;Hibas;7;nincs;Manualis
SZ;EFR-950;2021;7785694;Megkimelt;4;nincs;Nincs
SZ;OMU-237;2005;3248140;Megkimelt;7;van_vonohorog;Manualis
G;GCH-576;2010;753160;Serult
SZ;IVD-637;2020;9417181;Ujszeru;2;nincs;Nincs
SZ;NXS-155;2000;8721669;Serult;4;van_vonohorog;Manualis
G;WBP-523;1993;832732;Hibas
G;MOA-330;1986;3130655;Hibas
G;RKY-551;1979;409635;Ujszeru
SZ;PNZ-270;1978;6607533;Hibas;5;nincs;Digitalis
SZ;DSX-322;1999;300800;Ujszeru;5;nincs;Nincs
G;TVB-204;2009;2254142;Hibas
G;RTA-357;1977;4218906;Hibas
SZ;KIW-970;2004;6567994;Hibas;2;nincs;Nincs
G;DBF-654;2014;9800483;Hibas
SZ;AKE-970;1952;10377488;Ujszeru;2;van_vonohorog;Digitalis
SZ;CQU-162;1977;9984154;Serult;7;van_vonohorog;DigitalisTobbzonas
G;EOK-705;2012;8940449;Serult
G;XRV-452;1959;1879038;Serult
SZ;QLJ-440;1987;5287719;Serult;5;van_vonohorog;Nincs
G;ANL-237;2009;10184264;Ujszeru
G;XSV-965;1991;6798374;Hibas
G;RSA-612;1951;2314665;Megkimelt
G;MDL-234;1952;1075893;Serult
G;CNB-560;1997;1356984;Serult
SZ;RRB-777;1989;11977629;Hibas;2;van_vonohorog;Digitalis
G;ETI-754;1970;7289755;Serult
SZ;JFT-566;1965;7226433;Hibas;4;van_vonohorog;DigitalisTobbzonas
SZ;GNU-470;1956;6068328;Ujszeru;2;van_vonohorog;DigitalisTobbzonas
G;GUB-531;1995;3481795;Megkimelt
G;LSL-264;1951;2604614;Serult
G;OLC-502;1989;5121417;Megkimelt
G;OJX-427;1998;4383874;Ujszeru
G;UGI-640;1969;11005461;Megkimelt
SZ;TMX-506;1979;5068852;Serult;2;van_vonohorog;Nincs
SZ;CNW-616;2005;11177515;Serult;2;nincs;DigitalisTobbzonas
SZ;SRM-105;1955;5966953;Ujszeru;4;van_vonohorog;Nincs
G;FGU-776;1953;8079063;Megkimelt
SZ;SPW-147;1986;9727077;Serult;5;nincs;Manualis
G;AFE-913;1993;7212380;Ujszeru
G;XIZ-662;1982;10854401;Ujszeru
SZ;AGJ-944;1987;8909196;Serult;4;van_vonohorog;Nincs
G;OVI-767;1968;10225809;Ujszeru
G;NUC-325;1986;1027593;Serult
G;AVV-903;1996;10703419;Hibas
G;BXG-276;1991;6261783;Serult
SZ;VRU-355;1999;2002461;Ujszeru;2;nincs;Manualis
SZ;ELS-925;1975;3418347;Megkimelt;7;nincs;Manualis
G;LKS-400;1981;8498536;Megkimelt
G;JGU-463;1997;9352136;Ujszeru
SZ;VDS-461;2009;3323808;Serult;5;nincs;Nincs
SZ;FQQ-650;1951;10007371;Ujszeru;7;nincs;DigitalisTobbzonas
G;RIH-751;1954;8745742;Megkimelt
G;UQK-711;2019;9122172;Ujszeru
G;GLP-767;2003;446285;Hibas
SZ;JMJ-404;1998;11496897;Hibas;7;nincs;Manualis
G;XXK-116;1996;3332513;Ujszeru
G;OVA-967;2006;5728177;Ujszeru
SZ;JHI-426;1996;6234925;Ujszeru;7;nincs;Manualis
G;DGM-264;1961;1936067;Megkimelt
SZ;JIF-646;2021;526642;Megkimelt;2;nincs;Digitalis
G;FIC-411;1967;1740763;Ujszeru
SZ;GNP-767;2014;10731112;Hibas;4;nincs;Digitalis
G;YRW-607;2000;4958070;Hibas
SZ;PDC-917;1950;1884273;Megkimelt;4;nincs;DigitalisTobbzonas
SZ;ZQT-140;1988;4240467;Ujszeru;7;nincs;Nincs
G;RDZ-234;1993;993968;Ujszeru
G;MNL-961;1989;2711086;Serult
SZ;AVJ-760;1969;5447044;Serult;2;van_vonohorog;Digitalis
SZ;BCF-927;2010;4270144;Serult;2;van_vonohorog;Nincs
G;VZY-255;1985;3799441;Hibas
G;VPO-321;1987;10345693;Serult
G;WXE-312;1967;10608443;Megkimelt
SZ;KMK-710;2000;4187601;Serult;7;nincs;Digitalis
G;GKG-944;1962;1968036;Megkimelt
SZ;XWE-137;1975;5104488;Serult;7;nincs;Digitalis
SZ;KGR-231;1974;9369135;Ujszeru;4;van_vonohorog;Digitalis
SZ;KPJ-324;1976;1338841;Hibas;5;nincs;DigitalisTobbzonas
G;OTG-567;2021;9719543;Hibas
G;DAL-971;1989;7495237;Megkimelt
SZ;COM-724;1987;2790462;Hibas;7;van_vonohorog;DigitalisTobbzonas
G;ZVT-255;2010;6724775;Hibas
SZ;MTV-553;2019;4451021;Ujszeru;7;nincs;Manualis
G;TXZ-236;1952;1223754;Serult
G;ZDE-776;2017;5964646;Ujszeru
G;FQH-477;2009;9758820;Megkimelt
SZ;RYX-703;1988;5934127;Megkimelt;7;van_vonohorog;Digitalis
G;KKW-540;1989;2131041;Megkimelt
G;PFT-261;1987;11377877;Ujszeru
SZ;YPD-626;1984;3598664;Megkimelt;2;nincs;Manualis
SZ;GNX-921;2004;10657996;Serult;7;nincs;Manualis
G;CUY-376;1989;1248246;Serult
G;TPU-742;2000;3837276;Ujszeru
G;LJU-921;2000;5780078;Hibas
G;GRU-971;1987;2312633;Ujszeru
G;LLC-544;1956;5627892;Ujszeru
SZ;BDR-341;1951;9437921;Ujszeru;5;nincs;Nincs
G;FYW-126;1974;9003960;Serult
G;XAQ-743;2001;1446688;Ujszeru
G;RUE-972;2005;2820189;Serult
G;AIJ-426;1988;5488058;Hibas
SZ;VVP-327;1992;5157518;Megkimelt;4;nincs;Digitalis
SZ;XTU-601;2020;932298;Ujszeru;2;nincs;Digitalis
SZ;XJD-662;1973;7483883;Megkimelt;4;van_vonohorog;DigitalisTobbzonas
SZ;QYP-726;2007;5057290;Hibas;2;nincs;Nincs
G;IXH-667;1991;10460438;Ujszeru
SZ;NJG-122;1976;10990979;Megkimelt;7;nincs;Nincs
G;LIK-570;2018;5315938;Megkimelt
SZ;AMF-153;2014;2312369;Serult;7;van_vonohorog;Manualis
G;XCD-232;1999;3519601;Hibas
G;GVA-235;2005;2503020;Serult
SZ;ERQ-715;1987;5837775;Serult;5;nincs;Manualis
G;RVL-473;1959;8821576;Megkimelt
G;VNT-313;1988;11620885;Serult
G;VWK-757;2007;9308792;Ujszeru
SZ;IBR-522;2006;2315366;Hibas;5;nincs;DigitalisTobbzonas
SZ;YTC-132;1954;2727156;Hibas;5;nincs;Manualis
G;ZBY-152;1987;9097092;Ujszeru
SZ;CGQ-752;1960;380270;Hibas;2;nincs;DigitalisTobbzonas
SZ;BCA-412;1986;4316946;Hibas;2;nincs;Nincs
SZ;AXM-120;1994;2832194;Hibas;4;nincs;Digitalis
G;CJG-326;1971;3913992;Hibas
G;INP-444;2012;5234417;Hibas
SZ;YNO-166;1964;3655138;Megkimelt;7;nincs;Nincs
SZ;LDB-756;1979;10311915;Serult;5;van_vonohorog;Digitalis
G;NJQ-500;1992;10114421;Serult
SZ;IFS-540;2016;11628084;Hibas;4;nincs;Digitalis
SZ;LCZ-636;1963;4835259;Serult;4;van_vonohorog;DigitalisTobbzonas
SZ;IXX-330;1952;7152298;Serult;4;nincs;Nincs
SZ;VJH-730;1970;8264039;Megkimelt;7;van_vonohorog;Manualis
G;QDF-515;2002;820774;Serult
G;TGX-942;1956;6646542;Hibas
G;HMG-776;2001;7001340;Hibas
SZ;QVC-204;1955;1315942;Ujszeru;5;nincs;DigitalisTobbzonas
G;FAZ-605;1972;2552502;Ujszeru
SZ;QJW-954;1976;11432773;Ujszeru;2;van_vonohorog;Nincs
G;YGB-120;1985;4994559;Hibas
SZ;VQA-615;2014;6961846;Hibas;7;van_vonohorog;DigitalisTobbzonas
SZ;QHP-554;1974;7235234;Megkimelt;4;nincs;Manualis
G;THQ-254;1958;9551150;Ujszeru
SZ;OCT-324;2016;4167097;Megkimelt;7;van_vonohorog;DigitalisTobbzonas
G;BFX-741;1982;7721263;Megkimelt
G;ESI-540;1976;8220376;Hibas
SZ;KWK-520;1950;5794758;Ujszeru;5;van_vonohorog;Nincs
G;REK-964;1989;8893016;Megkimelt
SZ;GWV-902;1971;792590;Megkimelt;2;nincs;DigitalisTobbzonas
SZ;CID-517;1990;8243069;Hibas;7;nincs;Nincs
G;NEH-220;1978;1269143;Ujszeru
G;SEN-264;1967;374173;Ujszeru
G;UVJ-302;2003;8694473;Megkimelt
SZ;WKC-531;1980;1693574;Hibas;7;nincs;DigitalisTobbzonas
SZ;CWA-366;1954;6255913;Hibas;2;van_vonohorog;Nincs
G;SOR-925;2006;3894527;Megkimelt
SZ;IOX-511;1961;2398849;Hibas;4;nincs;DigitalisTobbzonas
G;HQN-912;1957;7893306;Ujszeru
G;IYE-975;2002;11880720;Megkimelt
G;IRN-117;1977;9922850;Hibas
SZ;KNJ-247;1979;9033504;Serult;2;nincs;Nincs
G;VDC-112;1987;2728299;Megkimelt
SZ;PBD-175;1974;10983776;Megkimelt;7;nincs;DigitalisTobbzonas
G;RNS-917;1981;4969674;Ujszeru
G;BWG-461;1990;4047440;Serult
G;ZUZ-164;1952;2751349;Ujszeru
G;IWR-251;2001;3778110;Megkimelt
G;WOZ-647;1974;4161077;Serult
SZ;LDG-516;2003;4804716;Ujszeru;5;van_vonohorog;Nincs
G;TVC-935;1996;6349080;Megkimelt
G;SRB-133;2011;2528065;Serult
SZ;AIC-547;2011;4863798;Megkimelt;2;van_vonohorog;Manualis
SZ;QQV-707;1997;10844676;Ujszeru;4;nincs;Nincs
G;UXI-924;1968;6973276;Hibas
SZ;WOA-462;1963;1181378;Serult;2;nincs;DigitalisTobbzonas
G;HKC-306;1968;10183151;Megkimelt
G;RLW-137;1951;474370;Megkimelt
G;TCS-636;1995;11731818;Megkimelt
SZ;MEA-651;1981;3313477;Ujszeru;7;van_vonohorog;Nincs
SZ;NUL-616;1959;6012907;Ujszeru;2;van_vonohorog;DigitalisTobbzonas
SZ;UTX-202;1983;5455856;Megkimelt;2;nincs;Manualis
G;TFY-734;1960;2117900;Serult
G;XED-213;2009;787037;Serult
SZ;MMU-405;1976;6767660;Ujszeru;5;nincs;Manualis
G;XJJ-624;1965;8909979;Serult
SZ;XQE-601;2021;7334069;Ujszeru;5;nincs;Manualis
G;UIC-614;2016;11787165;Ujszeru
G;KLG-553;1980;5774098;Ujszeru
G;UDS-902;1972;3120373;Hibas
G;LNP-433;1987;10497976;Ujszeru
G;KYJ-537;1987;7697216;Megkimelt
G;GTO-176;2010;10971254;Serult
SZ;UKW-955;1975;1517519;Ujszeru;4;van_vonohorog;Digitalis
G;MLD-763;1959;9070808;Serult
SZ;XJF-624;1994;7299317;Serult;2;nincs;DigitalisTobbzonas
SZ;LKN-643;1980;11971568;Ujszeru;2;van_vonohorog;Manualis
G;DBQ-440;1991;8667041;Megkimelt
G;REW-545;1975;4566019;Ujszeru
G;LYZ-964;1973;3378978;Hibas
SZ;HYI-905;1993;2374599;Serult;2;nincs;Manualis
G;OXH-566;1972;9598767;Serult
SZ;UJL-605;2021;9579468;Megkimelt;5;van_vonohorog;Digitalis
G;XRF-901;2002;1872904;Hibas
G;OVR-203;1980;7906351;Hibas
SZ;TWO-374;1988;7900647;Megkimelt;7;van_vonohorog;DigitalisTobbzonas
SZ;ACA-371;1994;11200268;Megkimelt;4;nincs;Manualis
SZ;MDN-370;2003;9157237;Ujszeru;5;van_vonohorog;Nincs
SZ;HJW-767;1984;3354960;Serult;4;van_vonohorog;Nincs
G;AUQ-650;2018;1971204;Serult
G;LME-406;1964;1303078;Serult
G;WKM-744;1970;10847957;Serult
G;EIE-454;2002;5671102;Ujszeru
SZ;UYW-526;2003;5918401;Megkimelt;4;van_vonohorog;Manualis
G;EAY-311;1952;9996068;Ujszeru
SZ;UMS-755;1992;1744010;Serult;7;van_vonohorog;DigitalisTobbzonas
G;HPD-666;1986;2380868;Hibas
SZ;ZQQ-914;1971;986838;Hibas;2;nincs;DigitalisTobbzonas
SZ;NQE-662;2005;3678386;Ujszeru;2;nincs;Nincs
SZ;KST-143;1986;2025061;Ujszeru;7;van_vonohorog;DigitalisTobbzonas
G;GSN-151;2008;9209296;Serult
SZ;XWL-974;1952;9729984;Hibas;7;nincs;DigitalisTobbzonas
SZ;BCJ-723;2001;2177089;Megkimelt;7;nincs;Digitalis
G;PRF-921;1958;8999977;Megkimelt
SZ;CDF-510;2000;1014025;Ujszeru;5;van_vonohorog;Nincs
G;WOF-364;1975;2262093;Megkimelt
G;KTB-373;1965;9306202;Ujszeru
SZ;BXO-764;1958;8928983;Hibas;4;nincs;Digitalis
G;BDJ-762;1964;764030;Hibas
SZ;OVS-365;1996;9543579;Hibas;4;van_vonohorog;Manualis
G;MYS-334;1973;9791458;Ujszeru
SZ;VQC-343;1986;10929530;Megkimelt;2;nincs;Nincs
SZ;AUP-115;1959;3255201;Hibas;5;nincs;Digitalis
G;ANX-436;1963;11229640;Serult
G;NOQ-434;1956;2763419;Ujszeru
SZ;VQW-140;1961;11884361;Serult;2;nincs;Digitalis
SZ;GMG-205;1979;9932421;Hibas;7;van_vonohorog;Manualis
SZ;TUY-653;1958;7723256;Ujszeru;4;van_vonohorog;Digitalis
SZ;OJZ-336;1974;7154362;Megkimelt;4;van_vonohorog;Manualis
G;GKT-710;1996;10547124;Hibas
SZ;UMS-130;1974;7148829;Serult;4;nincs;Manualis
SZ;JLP-200;1999;9679959;Hibas;2;van_vonohorog;DigitalisTobbzonas
G;DOT-707;1978;8508178;Hibas
G;QXC-416;1961;555605;Hibas
G;VGT-774;2004;3312159;Ujszeru
G;YCZ-157;1978;10437278;Megkimelt
G;BEK-422;1967;7804994;Serult
SZ;LZY-547;1963;4495852;Hibas;4;nincs;Nincs
SZ;GFZ-566;1960;5688163;Megkimelt;5;van_vonohorog;Manualis
SZ;VLF-520;2002;2282012;Serult;5;nincs;Digitalis
G;LCQ-967;2005;6253476;Ujszeru
SZ;RXS-733;1981;6743026;Ujszeru;2;van_vonohorog;Nincs
G;VPR-133;2017;11617607;Ujszeru
SZ;PEO-426;1999;6835992;Megkimelt;5;van_vonohorog;Manualis
